Product,Sub_product,Full_name,Phone_number,Nationality,ID_number,email,DoB,Name_of_Child,No_of_Children,No_of_Adults,From,To,Departure_Date,Return_date,With_spouse,Car/Bike_Make,Car/Bike_Model,Car/Bike_RegNo,Year_of_Manufacture,Estimate_value,No_of_employees/Farmers,Crop_to_be_insured,Acre_age
Motorinsurance,"Car Third Party","John doe",076423232021," ",35552156,bismarquemomanyi@gmail.com," "," "," "," "," "," "," "," "," ",Toyota,primio,"KDD 545K",2022," "," "," "," "
Motorinsurance,"Car Third Party","John doe",076423232021," ",35552156,bismarquemomanyi@gmail.com," "," "," "," "," "," "," "," "," ",Toyota,primio,"KDD 545K",2022," "," "," "," "
Motorinsurance,"Car Comprehensive","David Dio",07623232021," ",3526551,abcmah@ab.tech," "," "," "," "," "," "," "," "," ",Lexi,XD,"KDD 895K",2020,1000000," "," "," "
Motorinsurance,"Motor Moto Bike Third Pary","Sharon MM",076423232021," ",555206,shs@l.c," "," "," "," "," "," "," "," "," ",boxer,150,kmtx425s,2020," "," "," "," "
Motorinsurance,"Motor Bike Comprehensive",bism,07444788," ",3915825,abcmah@ab.tech," "," "," "," "," "," "," "," "," ",Yamaha,y200,kmty425l,2022,100000," "," "," "
"Hospital Cash","Single Cover","bismarck Momanyi",07623232021," ",00,bismarquemomanyi@gmail.com,2023-01-27," "," "," "," "," "," "," "," "," "," "," "," "," "," "," "," "
"Hospital Cash","Group Cover","Jsm Group",07623232021," "," ",jsm@jsm.ke," "," "," "," "," "," "," "," "," "," "," "," "," "," ",10," "," "
"Educate Protect","Single Cover","Chris Otieno",07623232021," "," ",ch@gmian.com,2018-12-13,"Festus Otieno"," "," "," "," "," "," "," "," "," "," "," "," "," "," "," "
"Internal Travel","Adult Cover","John doe",07623232021," ",356326,jamine@gss.com,1999-07-07," ",2,3,Nairobi,Kisumu,2023-01-10,2023-01-24," "," "," "," "," "," "," "," "," "
"Internal Travel","Child Cover","David Dio",07623232021," "," ",abcmah@ab.tech,2023-01-04," "," "," ",Nakuru,Mombasa,2023-02-03,2023-04-18," "," "," "," "," "," "," "," "," "
"Student Cover","Single Student Cover","bismarck Momanyi",07623232021," ",333212,bismarque@gmail.com,2016-03-23," "," "," "," "," "," "," "," "," "," "," "," "," "," "," "," "
"Student Cover","Single Student Cover","bismarck Momanyi",07623232021," ",333212,bismarque@gmail.com,2016-03-23," "," "," "," "," "," "," "," "," "," "," "," "," "," "," "," "
"Student Cover","Institional Student Cover","Rowe School",07623232021," "," ",rowe@rowe.ke," "," ",25," "," "," "," "," "," "," "," "," "," "," "," "," "," "
"Travel Cover","Family Travel Cover","David Dio",07623232021," ",333,abcmah@ab.tech,2023-01-09," ",1,2,Nakuru,Kampala,2023-02-16,2023-06-07,yes," "," "," "," "," "," "," "," "
"Travel Cover","Child Travel Cover","John doe",076423232021," ",2565,lottokenya@gmail.com,2023-01-03," "," "," ",Accra,Mombasa,2023-01-13,2023-04-28," "," "," "," "," "," "," "," "," "
"Travel Cover","Student Travel Cover","David Dio",07623232021,kenyan,355,bismarque@gmail.com,2022-09-14," "," "," ",Swanzi,Kisumu,2023-01-26,2023-06-29," "," "," "," "," "," "," "," "," "
"Personal Cover","Single Cover","Niclus Katana",07444788," ",2686565,jsm@jsm.ke,2022-09-08," "," "," "," "," "," "," "," "," "," "," "," "," "," "," "," "
"Group Personal Cover","Group Cover","TMz ",07623232021," "," ",tmzg@gmail.com," "," "," "," "," "," "," "," "," "," "," "," "," "," ",10," "," "
"Health Cover",Individual,"David Dio",444788," ",20202,deli@gmai.com,2023-01-13," "," "," "," "," "," "," "," "," "," "," "," "," "," "," "," "
"Health Cover",Group,"Jsm Group",07623232021," "," ",jamine@gss.com," "," "," "," "," "," "," "," "," "," "," "," "," "," ",20," "," "
"Micro Health",Group,"TMz ",444788," "," ",deli@gmai.com," "," "," "," "," "," "," "," "," "," "," "," "," "," ",15," "," "
"Micro Health",Group,"TMz ",444788," "," ",deli@gmai.com," "," "," "," "," "," "," "," "," "," "," "," "," "," ",15," "," "
"Agricultural Cover",Agricultural,tenda,444," "," ",deli@gmai.com," "," "," "," "," "," "," "," "," "," "," "," "," "," "," ",maize,50
